Name,Last,First,Player_Name,GID,Date,Starter,FD_Pts,FD_Sal,Pos,Team,H/A,Oppt,Team Score,Oppt Score,Minutes,Stat line
Young Trae,Young,Trae,Trae Young,5708,20200209,1,67.7,"9,700",PG,atl,H,nyk,140,135,47.67,48pt 1rb 13as 2st 7to 6trey 13-30fg 16-16ft
Harden James,Harden,James,James Harden,4224,20200209,1,63,"11,500",SG,hou,H,uta,113,114,38.82,28pt 10rb 10as 1st 2bl 1to 2trey 11-23fg 4-6ft
Morant Ja,Morant,Ja,Ja Morant,5841,20200209,1,57,"6,200",PG,mem,A,was,106,99,35,27pt 10rb 10as 1st 1bl 3to 2trey 9-17fg 7-9ft
Westbrook Russell,Westbrook,Russell,Russell Westbrook,4079,20200209,1,55.2,"10,100",PG,hou,H,uta,113,114,37.7,39pt 6rb 4as 1st 1bl 3to 1trey 18-33fg 2-4ft
Lillard Damian,Lillard,Damian,Damian Lillard,4523,20200209,1,52.8,"9,900",PG,por,H,mia,115,109,37.53,33pt 4rb 8as 1st 1bl 3to 6trey 11-23fg 5-6ft
Simmons Ben,Simmons,Ben,Ben Simmons,4925,20200209,1,51,"8,800",PG,phi,H,chi,118,111,36.58,19pt 10rb 10as 4st 7to 6-13fg 7-10ft
LaVine Zach,LaVine,Zach,Zach LaVine,4706,20200209,1,48.2,"8,000",SG,chi,A,phi,111,118,39.92,32pt 1rb 8as 3st 1bl 9to 5trey 11-21fg 5-6ft
Korkmaz Furkan,Korkmaz,Furkan,Furkan Korkmaz,5157,20200209,,47,"3,800",SG,phi,H,chi,118,111,31.57,31pt 5rb 2as 3st 2to 6trey 12-17fg 1-1ft
Dragic Goran,Dragic,Goran,Goran Dragic,4092,20200209,,43.3,"5,300",PG,mia,A,por,109,115,30.83,27pt 4rb 7as 1st 2to 5trey 8-20fg 6-7ft
Beal Bradley,Beal,Bradley,Bradley Beal,4494,20200209,1,43.3,"10,300",SG,was,H,mem,99,106,34.03,26pt 4rb 3as 2st 1bl 1to 1trey 10-25fg 5-7ft
Clarkson Jordan,Clarkson,Jordan,Jordan Clarkson,4668,20200209,,40.2,"4,200",SG,uta,A,hou,114,113,29,30pt 6rb 2as 3trey 12-19fg 3-3ft
Williams Louis,Williams,Louis,Louis Williams,3816,20200209,1,39.5,"5,400",SG,lac,A,cle,133,92,26.15,25pt 5rb 3as 2st 2to 1trey 8-14fg 8-10ft
Trent Jr. Gary,Trent,Jr. Gary,Jr. Gary Trent,5663,20200209,,38.8,"3,700",SG,por,H,mia,115,109,33.1,22pt 4rb 4st 5trey 8-11fg 1-1ft
Paul Chris,Paul,Chris,Chris Paul,3786,20200209,1,38.5,"7,100",PG,okc,H,bos,111,112,32.85,22pt 5rb 5as 2st 3to 1trey 8-15fg 5-6ft
Schroder Dennis,Schroder,Dennis,Dennis Schroder,4595,20200209,,36.9,"6,800",SG,okc,H,bos,111,112,36.42,22pt 7rb 1as 1st 1bl 1to 3trey 8-21fg 3-3ft
Gilgeous-Alexander Shai,Gilgeous-Alexander,Shai,Shai Gilgeous-Alexander,5690,20200209,1,36.2,"7,900",SG,okc,H,bos,111,112,33.08,24pt 6rb 4as 1to 3trey 8-12fg 5-7ft
Mitchell Donovan,Mitchell,Donovan,Donovan Mitchell,5136,20200209,1,36,"7,100",SG,uta,A,hou,114,113,36.55,24pt 5rb 6as 3to 4trey 9-23fg 2-2ft
Payton Elfrid,Payton,Elfrid,Elfrid Payton,4699,20200209,1,35.3,"7,300",PG,nyk,A,atl,135,140,36.6,12pt 4rb 9as 2st 1bl 4to 5-14fg 2-2ft
Conley Mike,Conley,Mike,Mike Conley,3979,20200209,1,33,"5,600",PG,uta,A,hou,114,113,33.63,20pt 5rb 6as 2to 2trey 8-16fg 2-3ft
Robinson Duncan,Robinson,Duncan,Duncan Robinson,5681,20200209,1,32.7,"4,700",SG,mia,A,por,109,115,38.03,19pt 6rb 3as 1st 1to 6trey 6-15fg 1-1ft
Walker Kemba,Walker,Kemba,Kemba Walker,4440,20200209,1,32.3,"7,200",PG,bos,A,okc,112,111,30.05,27pt 4rb 1as 1to 4trey 6-16fg 11-13ft
Huerter Kevin,Huerter,Kevin,Kevin Huerter,5754,20200209,1,29.6,"5,000",SG,atl,H,nyk,140,135,47.63,16pt 3rb 6as 1bl 2to 2trey 6-13fg 2-2ft
Bullock Reggie,Bullock,Reggie,Reggie Bullock,4654,20200209,1,29.3,"3,800",SG,nyk,A,atl,135,140,37.25,21pt 4rb 1as 1st 1to 5trey 8-18fg
Ntilikina Frank,Ntilikina,Frank,Frank Ntilikina,5219,20200209,,28.4,"3,500",PG,nyk,A,atl,135,140,25.75,9pt 2rb 8as 2st 1to 3-8fg 3-4ft
Satoransky Tomas,Satoransky,Tomas,Tomas Satoransky,4980,20200209,1,28.3,"5,200",PG,chi,A,phi,111,118,31.85,10pt 4rb 7as 1st 1trey 3-9fg 3-3ft
Teague Jeff,Teague,Jeff,Jeff Teague,4221,20200209,,23.6,"4,000",PG,atl,H,nyk,140,135,27.42,8pt 3rb 6as 1st 4-8fg
Shamet Landry,Shamet,Landry,Landry Shamet,5704,20200209,1,23.3,"4,400",PG,lac,A,cle,133,92,27.28,11pt 4rb 3as 1bl 3trey 4-9fg
Ellington Wayne,Ellington,Wayne,Wayne Ellington,4185,20200209,,22.7,"3,500",SG,nyk,A,atl,135,140,31.7,15pt 1rb 1as 2st 1to 5trey 5-10fg
McGruder Rodney,McGruder,Rodney,Rodney McGruder,4650,20200209,,21.8,"3,500",SG,lac,A,cle,133,92,22.08,8pt 4rb 4as 1st 4-6fg
Smith Ishmael,Smith,Ishmael,Ishmael Smith,4315,20200209,1,21.3,"5,400",PG,was,H,mem,99,106,28.57,4pt 4rb 5as 1st 1bl 1to 2-8fg
Sexton Collin,Sexton,Collin,Collin Sexton,5721,20200209,1,20.9,"6,200",PG,cle,H,lac,92,133,27.85,13pt 2rb 3as 1st 2to 1trey 4-13fg 4-4ft
McLemore Ben,McLemore,Ben,Ben McLemore,4589,20200209,,20.1,"3,600",SG,hou,H,uta,113,114,27.33,9pt 3rb 1as 2st 3trey 3-5fg
Smart Marcus,Smart,Marcus,Marcus Smart,4677,20200209,,20,"5,300",SG,bos,A,okc,112,111,22.35,7pt 2as 4st 2to 1trey 2-5fg 2-2ft
Jones Tyus,Jones,Tyus,Tyus Jones,4876,20200209,,19.9,"4,600",PG,mem,A,was,106,99,19.15,13pt 2rb 3as 1trey 5-8fg 2-2ft
McCollum C.J.,McCollum,C.J.,C.J. McCollum,4657,20200209,1,19.3,"6,700",SG,por,H,mia,115,109,39,13pt 4rb 3as 3to 3trey 5-15fg 0-1ft
Iguodala Andre,Iguodala,Andre,Andre Iguodala,3641,20200209,,17.7,"4,200",SG,mia,A,por,109,115,22.75,2pt 6rb 3as 1st 1bl 2to 1-2fg
Barrett RJ,Barrett,RJ,RJ Barrett,5878,20200209,1,17.3,"4,900",SG,nyk,A,atl,135,140,21.95,5pt 4rb 3as 1st 2-6fg 1-2ft
White Coby,White,Coby,Coby White,5895,20200209,,16.7,"4,200",PG,chi,A,phi,111,118,26.2,6pt 6rb 3as 1to 3-10fg
Napier Shabazz,Napier,Shabazz,Shabazz Napier,4694,20200209,,16.4,"5,800",PG,was,H,mem,99,106,20.95,6pt 2rb 6as 1to 0-7fg 6-6ft
Garland Darius,Garland,Darius,Darius Garland,5860,20200209,1,16,"4,700",PG,cle,H,lac,92,133,28.45,6pt 6as 1st 2to 3-11fg
Wanamaker Brad,Wanamaker,Brad,Brad Wanamaker,5659,20200209,,15.8,"3,900",PG,bos,A,okc,112,111,16.55,2pt 4rb 4as 1st 1-2fg
Brooks Dillon,Brooks,Dillon,Dillon Brooks,5173,20200209,1,14.1,"5,500",SG,mem,A,was,106,99,30.3,9pt 3rb 1as 1st 3to 4-17fg 1-2ft
Nunn Kendrick,Nunn,Kendrick,Kendrick Nunn,5671,20200209,1,14,"4,900",PG,mia,A,por,109,115,27.35,9pt 4as 1to 1trey 4-18fg
Melton De'Anthony,Melton,De'Anthony,De'Anthony Melton,5742,20200209,,11.7,"4,900",PG,mem,A,was,106,99,20.62,7pt 1rb 1as 1st 1to 3-12fg 1-1ft
Milton Shake,Milton,Shake,Shake Milton,5703,20200209,1,11.2,"4,000",PG,phi,H,chi,118,111,13.12,5pt 1rb 2as 1st 1to 1trey 2-5fg
Harrison Shaquille,Harrison,Shaquille,Shaquille Harrison,5249,20200209,,11.2,"3,800",PG,chi,A,phi,111,118,7.03,5pt 1rb 1st 1bl 1to 2-3fg 1-1ft
Robinson Jerome,Robinson,Jerome,Jerome Robinson,5691,20200209,,10.4,"3,500",PG,was,H,mem,99,106,15.82,5pt 2rb 2as 1trey 2-7fg
Arcidiacono Ryan,Arcidiacono,Ryan,Ryan Arcidiacono,4962,20200209,,9.3,"3,500",PG,chi,A,phi,111,118,19.2,5pt 4rb 1as 2to 1trey 2-4fg
Richardson Josh,Richardson,Josh,Josh Richardson,4788,20200209,,8,"4,300",SG,phi,H,chi,118,111,19.13,3pt 2as 1st 1to 1-2fg 1-4ft
Mann Terance,Mann,Terance,Terance Mann,5856,20200209,,6.9,"3,500",SG,lac,A,cle,133,92,12,0pt 2rb 1as 1st 0-2fg
Smith Jr. Dennis,Smith,Jr. Dennis,Jr. Dennis Smith,5212,20200209,,6.2,"4,000",PG,nyk,A,atl,135,140,7.82,2pt 1rb 2as 1-2fg
Exum Dante,Exum,Dante,Dante Exum,4707,20200209,,6,"3,500",PG,cle,H,lac,92,133,8.43,0pt 2as 1st 0-1fg
Graham Treveon,Graham,Treveon,Treveon Graham,4804,20200209,,4.2,"3,500",SG,atl,H,nyk,140,135,6.53,0pt 1rb 1st 0-3fg
Dort Luguentz,Dort,Luguentz,Luguentz Dort,5916,20200209,1,4.2,"3,600",SG,okc,H,bos,111,112,11.72,3pt 1rb 1trey 1-4fg
Ferguson Terrance,Ferguson,Terrance,Terrance Ferguson,5225,20200209,,3.9,"3,500",SG,okc,H,bos,111,112,26.3,0pt 2rb 1as 0-1fg
Rivers Austin,Rivers,Austin,Austin Rivers,4483,20200209,,3.7,"4,000",PG,hou,H,uta,113,114,19.08,2pt 1rb 1as 1to 0-4fg 2-2ft
Goodwin Brandon,Goodwin,Brandon,Brandon Goodwin,5727,20200209,,3,"4,100",PG,atl,H,nyk,140,135,4.38,3pt 1trey 1-3fg
Diallo Hamidou,Diallo,Hamidou,Hamidou Diallo,5737,20200209,,2.2,"3,500",SG,okc,H,bos,111,112,12.5,2pt 1rb 1to 1-2fg
Watanabe Yuta,Watanabe,Yuta,Yuta Watanabe,5753,20200209,,1.2,"3,500",SG,mem,A,was,106,99,10.13,0pt 1rb 0-1fg
Langford Romeo,Langford,Romeo,Romeo Langford,5844,20200209,,0,"3,900",SG,bos,A,okc,112,111,5.5,0pt
Burks Alec,Burks,Alec,Alec Burks,4441,20200209,,0,"4,100",SG,phi,H,chi,118,111,DNP,
Simons Anfernee,Simons,Anfernee,Anfernee Simons,5662,20200209,,0,"3,500",PG,por,H,mia,115,109,DNP,
Green Javonte,Green,Javonte,Javonte Green,5842,20200209,,0,"3,500",SG,bos,A,okc,112,111,DNP,
Clemons Chris,Clemons,Chris,Chris Clemons,5797,20200209,,0,"3,500",PG,hou,H,uta,113,114,DNP,
Tucker Rayjon,Tucker,Rayjon,Rayjon Tucker,5898,20200209,,0,"3,500",PG,uta,A,hou,114,113,DNP,
Vincent Gabe,Vincent,Gabe,Gabe Vincent,5959,20200209,,0,"3,500",PG,mia,A,por,109,115,DNP,
Burton Deonte,Burton,Deonte,Deonte Burton,5752,20200209,,0,"3,500",SG,okc,H,bos,111,112,DNP,
Dotson Damyean,Dotson,Damyean,Damyean Dotson,5222,20200209,,0,"3,500",SG,nyk,A,atl,135,140,DNP,
Neto Raul,Neto,Raul,Raul Neto,4807,20200209,,0,"3,500",PG,phi,H,chi,118,111,DNP,
Oni Miye,Oni,Miye,Miye Oni,5836,20200209,,0,"3,500",SG,uta,A,hou,114,113,DNP,
Mokoka Adam,Mokoka,Adam,Adam Mokoka,5893,20200209,,0,"3,500",SG,chi,A,phi,111,118,DNP,
Guduric Marko,Guduric,Marko,Marko Guduric,5838,20200209,,0,"3,500",SG,mem,A,was,106,99,DNP,
Brown Charlie,Brown,Charlie,Charlie Brown,5882,20200209,,0,"3,500",SG,atl,H,nyk,140,135,DNP,
Mudiay Emmanuel,Mudiay,Emmanuel,Emmanuel Mudiay,4773,20200209,,0,"3,500",PG,uta,A,hou,114,113,DNP,
Payton Gary,Payton,Gary,Gary Payton,4976,20200209,,0,"3,500",SG,was,H,mem,99,106,DNP,
Dellavedova Matthew,Dellavedova,Matthew,Matthew Dellavedova,4610,20200209,,0,"3,500",PG,cle,H,lac,92,133,DNP,
Trier Allonzo,Trier,Allonzo,Allonzo Trier,5701,20200209,,0,"3,500",SG,nyk,A,atl,135,140,NA,
Beverley Patrick,Beverley,Patrick,Patrick Beverley,4234,20200209,,0,"4,800",PG,lac,A,cle,133,92,NA,
Edwards Carsen,Edwards,Carsen,Carsen Edwards,5848,20200209,,0,"3,500",PG,bos,A,okc,112,111,NA,
Mooney Matthew,Mooney,Matthew,Matthew Mooney,5840,20200209,,0,"3,500",PG,cle,H,lac,92,133,NA,
Allen Grayson,Allen,Grayson,Grayson Allen,5677,20200209,,0,"3,500",SG,mem,A,was,106,99,NA,
Roberson Andre,Roberson,Andre,Andre Roberson,4559,20200209,,0,"3,500",SG,okc,H,bos,111,112,NA,
Williams-Goss Nigel,Williams-Goss,Nigel,Nigel Williams-Goss,5833,20200209,,0,"3,500",PG,uta,A,hou,114,113,NA,
Butler Jimmy,Butler,Jimmy,Jimmy Butler,4363,20200209,,0,"7,800",SG,mia,A,por,109,115,NA,
Windler Dylan,Windler,Dylan,Dylan Windler,5859,20200209,,0,"3,500",SG,cle,H,lac,92,133,NA,
Dunn Kris,Dunn,Kris,Kris Dunn,4945,20200209,,0,"4,000",PG,chi,A,phi,111,118,NA,
Herro Tyler,Herro,Tyler,Tyler Herro,5914,20200209,,0,"3,900",SG,mia,A,por,109,115,NA,
Konchar John,Konchar,John,John Konchar,5839,20200209,,0,"3,500",SG,mem,A,was,106,99,NA,
Wright-Foreman Justin,Wright-Foreman,Justin,Justin Wright-Foreman,5830,20200209,,0,"3,500",PG,uta,A,hou,114,113,NA,
Allen Kadeem,Allen,Kadeem,Kadeem Allen,5113,20200209,,0,"3,500",SG,nyk,A,atl,135,140,NA,
Mathews Garrison,Mathews,Garrison,Garrison Mathews,5872,20200209,,0,"3,500",SG,was,H,mem,99,106,NA,
Shayok Marial,Shayok,Marial,Marial Shayok,5905,20200209,,0,"3,500",SG,phi,H,chi,118,111,NA,
Smith Zhaire,Smith,Zhaire,Zhaire Smith,5779,20200209,,0,"3,500",SG,phi,H,chi,118,111,NA,
Bembry DeAndre,Bembry,DeAndre,DeAndre Bembry,5001,20200209,,0,"3,500",SG,atl,H,nyk,140,135,NA,
Waters Tremont,Waters,Tremont,Tremont Waters,5849,20200209,,0,"3,500",PG,bos,A,okc,112,111,NA,
Randle Julius,Randle,Julius,Julius Randle,4680,20200209,1,61.1,"8,200",PF,nyk,A,atl,135,140,46.2,35pt 18rb 3as 1st 1bl 6to 13-25fg 9-12ft
Collins John,Collins,John,John Collins,5134,20200209,1,58.7,"7,800",PF,atl,H,nyk,140,135,49.88,32pt 16rb 3as 1bl 1trey 12-19fg 7-9ft
Hunter De'Andre,Hunter,De'Andre,De'Andre Hunter,5879,20200209,1,46.3,"4,100",SF,atl,H,nyk,140,135,47.88,19pt 9rb 1as 5st 3trey 7-15fg 2-3ft
Ariza Trevor,Ariza,Trevor,Trevor Ariza,3621,20200209,1,45.3,"4,200",SF,por,H,mia,115,109,39.5,21pt 4rb 5as 3st 1bl 2trey 7-10fg 5-5ft
Adebayo Bam,Adebayo,Bam,Bam Adebayo,5159,20200209,1,43.9,"8,000",PF,mia,A,por,109,115,35.12,13pt 12rb 7as 3bl 3to 6-14fg 1-2ft
Crowder Jae,Crowder,Jae,Jae Crowder,4472,20200209,,43.7,"4,500",SF,mia,A,por,109,115,34.92,18pt 11rb 3as 2st 1bl 1to 5trey 6-11fg 1-2ft
Tatum Jayson,Tatum,Jayson,Jayson Tatum,5111,20200209,1,39.7,"8,500",PF,bos,A,okc,112,111,34.75,26pt 11rb 1as 1bl 4to 4trey 10-19fg 2-4ft
George Paul,George,Paul,Paul George,4283,20200209,1,38.2,"8,600",SF,lac,A,cle,133,92,24.2,22pt 6rb 4as 1st 1bl 3to 5trey 8-12fg 1-1ft
Theis Daniel,Theis,Daniel,Daniel Theis,5114,20200209,1,33.7,"4,700",PF,bos,A,okc,112,111,30.45,13pt 11rb 5as 1trey 5-11fg 2-4ft
Hayward Gordon,Hayward,Gordon,Gordon Hayward,4285,20200209,1,33,"6,700",SF,bos,A,okc,112,111,34.55,13pt 10rb 4as 1bl 1to 2trey 5-10fg 1-2ft
Jackson Jaren,Jackson,Jaren,Jaren Jackson,5731,20200209,1,29.7,"6,400",PF,mem,A,was,106,99,30.2,14pt 11rb 1as 1bl 2to 1trey 6-16fg 1-2ft
Gallinari Danilo,Gallinari,Danilo,Danilo Gallinari,4082,20200209,1,29.5,"5,800",SF,okc,H,bos,111,112,31.28,24pt 5rb 1as 2to 3trey 8-14fg 5-6ft
Kornet Luke,Kornet,Luke,Luke Kornet,5240,20200209,1,29.4,"4,300",PF,chi,A,phi,111,118,29,25pt 2rb 1bl 1to 4trey 10-14fg 1-1ft
Porter Kevin,Porter,Kevin,Kevin Porter,5861,20200209,,29.3,"4,300",SF,cle,H,lac,92,133,27.58,17pt 4rb 3as 1st 1trey 8-14fg 0-1ft
Anderson Kyle,Anderson,Kyle,Kyle Anderson,4736,20200209,1,28,"4,300",SF,mem,A,was,106,99,29.8,16pt 5rb 2as 1st 7-9fg 2-2ft
House Danuel,House,Danuel,Danuel House,4916,20200209,1,28,"5,200",SF,hou,H,uta,113,114,36.12,10pt 5rb 4st 2trey 3-10fg 2-2ft
Hachimura Rui,Hachimura,Rui,Rui Hachimura,5868,20200209,1,26.7,"4,800",PF,was,H,mem,99,106,24.97,12pt 11rb 1as 1trey 5-13fg 1-2ft
Morris Marcus,Morris,Marcus,Marcus Morris,4407,20200209,1,25.8,"6,000",SF,lac,A,cle,133,92,21.85,10pt 4rb 2as 3st 1to 5-12fg
Love Kevin,Love,Kevin,Kevin Love,4074,20200209,1,25.8,"7,500",PF,cle,H,lac,92,133,25.77,10pt 9rb 2as 1st 1to 2trey 3-8fg 2-2ft
Bertans Davis,Bertans,Davis,Davis Bertans,4989,20200209,,25.7,"5,600",PF,was,H,mem,99,106,31.75,15pt 6rb 1as 1st 1to 3trey 6-13fg
Covington Robert,Covington,Robert,Robert Covington,4570,20200209,1,25,"6,000",PF,hou,H,uta,113,114,34.77,14pt 5rb 1st 1bl 1to 4trey 5-12fg
Young Thaddeus,Young,Thaddeus,Thaddeus Young,4037,20200209,1,23,"5,700",PF,chi,A,phi,111,118,36.85,10pt 10rb 1st 2to 5-11fg
Brown Jaylen,Brown,Jaylen,Jaylen Brown,5017,20200209,1,22.6,"6,400",SF,bos,A,okc,112,111,34.38,17pt 3rb 2as 1to 3trey 7-17fg
Harris Tobias,Harris,Tobias,Tobias Harris,4412,20200209,1,22.6,"6,600",SF,phi,H,chi,118,111,30.48,14pt 3rb 4as 1to 2trey 5-9fg 2-2ft
Hutchison Chandler,Hutchison,Chandler,Chandler Hutchison,5686,20200209,1,22.4,"4,700",SF,chi,A,phi,111,118,31.15,5pt 7rb 4as 1st 1trey 2-9fg 0-2ft
Anthony Carmelo,Anthony,Carmelo,Carmelo Anthony,3510,20200209,1,21.2,"5,100",SF,por,H,mia,115,109,32.83,15pt 6rb 2as 4to 3trey 6-14fg 0-1ft
Brown Jr. Troy,Brown,Jr. Troy,Jr. Troy Brown,5699,20200209,,20.5,"4,600",SF,was,H,mem,99,106,24.23,6pt 5rb 3as 2st 2to 3-8fg
Coffey Amir,Coffey,Amir,Amir Coffey,5800,20200209,,20.3,"3,500",PF,lac,A,cle,133,92,24.52,10pt 4rb 1as 1st 1bl 2to 5-7fg 0-1ft
Green JaMychal,Green,JaMychal,JaMychal Green,4581,20200209,,18.9,"3,600",PF,lac,A,cle,133,92,24.22,6pt 7rb 3as 1trey 2-7fg 1-2ft
Ingles Joe,Ingles,Joe,Joe Ingles,4701,20200209,1,18.5,"4,500",SF,uta,A,hou,114,113,32.62,3pt 5rb 7as 1st 4to 1trey 1-2fg
Horford Al,Horford,Al,Al Horford,3998,20200209,1,17.4,"5,700",PF,phi,H,chi,118,111,30.27,0pt 7rb 2as 2bl 0-6fg
Bogdanovic Bojan,Bogdanovic,Bojan,Bojan Bogdanovic,4709,20200209,1,15.4,"5,700",SF,uta,A,hou,114,113,32.27,8pt 2rb 4as 1to 2trey 2-7fg 2-2ft
Jones Derrick,Jones,Derrick,Derrick Jones,4941,20200209,1,14.6,"5,200",SF,mia,A,por,109,115,25.22,11pt 3rb 2trey 4-8fg 1-1ft
Osman Cedi,Osman,Cedi,Cedi Osman,5116,20200209,1,14.3,"4,100",SF,cle,H,lac,92,133,24.98,7pt 4rb 1as 1st 2to 3-8fg 1-2ft
Clarke Brandon,Clarke,Brandon,Brandon Clarke,5837,20200209,,14.2,"4,800",PF,mem,A,was,106,99,20.88,9pt 6rb 2to 1trey 4-10fg 0-2ft
Noel Nerlens,Noel,Nerlens,Nerlens Noel,4652,20200209,,14,"4,600",PF,okc,H,bos,111,112,17.97,5pt 5rb 1bl 2-4fg 1-3ft
O'Neale Royce,O'Neale,Royce,Royce O'Neale,5182,20200209,,13.6,"3,600",PF,uta,A,hou,114,113,19.13,3pt 3rb 3bl 2to 1trey 1-4fg
McKinnie Alfonzo,McKinnie,Alfonzo,Alfonzo McKinnie,5230,20200209,,12.2,"3,500",SF,cle,H,lac,92,133,21.27,9pt 1rb 1st 1to 4-9fg 1-2ft
Sefolosha Thabo,Sefolosha,Thabo,Thabo Sefolosha,3931,20200209,,11.6,"3,600",SF,hou,H,uta,113,114,10.27,2pt 3rb 1st 1bl 1-3fg
Robinson III Glenn,Robinson,III Glenn,III Glenn Robinson,4702,20200209,,11.2,"4,000",SF,phi,H,chi,118,111,12.18,10pt 1rb 5-6fg
Kabengele Mfiondu,Kabengele,Mfiondu,Mfiondu Kabengele,5803,20200209,,11.2,"3,500",SF,lac,A,cle,133,92,9.7,8pt 1rb 1st 1to 2trey 2-6fg 2-2ft
Bonga Isaac,Bonga,Isaac,Isaac Bonga,5693,20200209,1,10.9,"3,600",SF,was,H,mem,99,106,17.13,4pt 2rb 1as 1st 0-3fg 4-4ft
Silva Chris,Silva,Chris,Chris Silva,5913,20200209,,10.8,"3,500",PF,mia,A,por,109,115,12.67,4pt 4rb 2as 1to 2-6fg
Gibson Taj,Gibson,Taj,Taj Gibson,4167,20200209,1,9.3,"3,600",PF,nyk,A,atl,135,140,15.87,4pt 4rb 1as 1to 2-3fg
Thybulle Matisse,Thybulle,Matisse,Matisse Thybulle,5906,20200209,,8.7,"3,600",SF,phi,H,chi,118,111,18.13,6pt 1rb 1as 1trey 2-5fg 1-1ft
Jackson Josh,Jackson,Josh,Josh Jackson,5130,20200209,,8.5,"3,800",SF,mem,A,was,106,99,13.92,3pt 5rb 1as 2to 1-4fg 1-3ft
Scott Mike,Scott,Mike,Mike Scott,4488,20200209,,8.3,"3,500",PF,phi,H,chi,118,111,17.72,2pt 4rb 1as 1-4fg
Niang Georges,Niang,Georges,Georges Niang,5015,20200209,,8.2,"3,500",PF,uta,A,hou,114,113,8.8,8pt 1rb 1to 2trey 3-5fg
Motley Johnathan,Motley,Johnathan,Johnathan Motley,5192,20200209,,7.4,"3,500",PF,lac,A,cle,133,92,10.67,6pt 2rb 1to 3-4fg
Morgan Juwan,Morgan,Juwan,Juwan Morgan,5835,20200209,,6.6,"3,500",PF,uta,A,hou,114,113,7.18,4pt 3rb 1to 2-3fg
Fernando Bruno,Fernando,Bruno,Bruno Fernando,5881,20200209,,5.8,"3,500",PF,atl,H,nyk,140,135,8.77,2pt 4rb 1to 1-3fg
Williams Grant,Williams,Grant,Grant Williams,5846,20200209,,5.4,"4,100",PF,bos,A,okc,112,111,14.2,3pt 2rb 1trey 1-1fg
Knox Kevin,Knox,Kevin,Kevin Knox,5705,20200209,,5.2,"3,500",SF,nyk,A,atl,135,140,12.92,3pt 1rb 1bl 2to 1trey 1-5fg
Nance Larry,Nance,Larry,Larry Nance,4798,20200209,,4.8,"5,800",PF,cle,H,lac,92,133,20.3,2pt 4rb 2to 1-6fg
Carter Vince,Carter,Vince,Vince Carter,2448,20200209,,3.2,"3,700",SF,atl,H,nyk,140,135,2.53,2pt 1rb 1-2fg
Nader Abdel,Nader,Abdel,Abdel Nader,5127,20200209,,3.2,"3,500",SF,okc,H,bos,111,112,4.63,2pt 1rb 0-1fg 2-2ft
Bazley Darius,Bazley,Darius,Darius Bazley,5915,20200209,,3,"3,500",SF,okc,H,bos,111,112,3.22,3pt 1-2fg 1-2ft
Swanigan Caleb,Swanigan,Caleb,Caleb Swanigan,5178,20200209,,2.9,"4,000",PF,por,H,mia,115,109,10.47,0pt 2rb 1as 1to
Hezonja Mario,Hezonja,Mario,Mario Hezonja,4776,20200209,,1.5,"3,500",SF,por,H,mia,115,109,5.07,0pt 1as 0-2fg
Gabriel Wenyen,Gabriel,Wenyen,Wenyen Gabriel,5715,20200209,,1.4,"3,500",PF,por,H,mia,115,109,7.35,0pt 2rb 1to 0-2fg
Wade Dean,Wade,Dean,Dean Wade,5857,20200209,,1.2,"3,700",PF,cle,H,lac,92,133,3.68,0pt 1rb
Pelle Norvel,Pelle,Norvel,Norvel Pelle,5904,20200209,,0,"3,500",PF,phi,H,chi,118,111,DNP,
Howard William,Howard,William,William Howard,5831,20200209,,0,"3,500",SF,hou,H,uta,113,114,DNP,
Bell Jordan,Bell,Jordan,Jordan Bell,5125,20200209,,0,"3,500",PF,mem,A,was,106,99,DNP,
Muscala Mike,Muscala,Mike,Mike Muscala,4659,20200209,,0,"3,500",PF,okc,H,bos,111,112,DNP,
Schofield Admiral,Schofield,Admiral,Admiral Schofield,5870,20200209,,0,"3,700",SF,was,H,mem,99,106,DNP,
Hill Solomon,Hill,Solomon,Solomon Hill,4566,20200209,,0,"3,500",SF,mia,A,por,109,115,DNP,
Patterson Patrick,Patterson,Patrick,Patrick Patterson,4302,20200209,,0,"3,500",PF,lac,A,cle,133,92,DNP,
Ojeleye Semi,Ojeleye,Semi,Semi Ojeleye,5115,20200209,,0,"3,500",SF,bos,A,okc,112,111,DNP,
Gafford Daniel,Gafford,Daniel,Daniel Gafford,5894,20200209,,0,"3,700",PF,chi,A,phi,111,118,DNP,
Haslem Udonis,Haslem,Udonis,Udonis Haslem,3535,20200209,,0,"3,500",PF,mia,A,por,109,115,DNP,
Little Nassir,Little,Nassir,Nassir Little,5937,20200209,,0,"3,500",SF,por,H,mia,115,109,DNP,
Okpala KZ,Okpala,KZ,KZ Okpala,5910,20200209,,0,"3,500",SF,mia,A,por,109,115,DNP,
Hartenstein Isaiah,Hartenstein,Isaiah,Isaiah Hartenstein,5746,20200209,,0,"3,600",PF,hou,H,uta,113,114,DNP,
Hervey Kevin,Hervey,Kevin,Kevin Hervey,5956,20200209,,0,"3,500",SF,okc,H,bos,111,112,NA,
Collins Zach,Collins,Zach,Zach Collins,5155,20200209,,0,"3,500",PF,por,H,mia,115,109,NA,
Gordon Eric,Gordon,Eric,Eric Gordon,4077,20200209,,0,"4,700",SF,hou,H,uta,113,114,NA,
Winslow Justise,Winslow,Justise,Justise Winslow,4787,20200209,,0,"4,300",SF,mem,A,was,106,99,NA,
Wooten Kenny,Wooten,Kenny,Kenny Wooten,5875,20200209,,0,"3,500",PF,nyk,A,atl,135,140,NA,
Reddish Cam,Reddish,Cam,Cam Reddish,5880,20200209,,0,"4,000",SF,atl,H,nyk,140,135,NA,
Porter Otto,Porter,Otto,Otto Porter,4653,20200209,,0,"3,600",SF,chi,A,phi,111,118,NA,
Caboclo Bruno,Caboclo,Bruno,Bruno Caboclo,4708,20200209,,0,"3,500",SF,hou,H,uta,113,114,NA,
Hood Rodney,Hood,Rodney,Rodney Hood,4744,20200209,,0,"3,500",SF,por,H,mia,115,109,NA,
Markkanen Lauri,Markkanen,Lauri,Lauri Markkanen,5227,20200209,,0,"3,500",PF,chi,A,phi,111,118,NA,
Harkless Maurice,Harkless,Maurice,Maurice Harkless,4530,20200209,,0,"3,600",SF,nyk,A,atl,135,140,NA,
Valentine Denzel,Valentine,Denzel,Denzel Valentine,4901,20200209,,0,"3,500",SF,chi,A,phi,111,118,NA,
Strus Max,Strus,Max,Max Strus,5847,20200209,,0,"3,500",SF,chi,A,phi,111,118,NA,
Williams Johnathan,Williams,Johnathan,Johnathan Williams,5695,20200209,,0,"3,700",PF,was,H,mem,99,106,NA,
Roby Isaiah,Roby,Isaiah,Isaiah Roby,5919,20200209,,0,"3,500",PF,okc,H,bos,111,112,NA,
Leonard Kawhi,Leonard,Kawhi,Kawhi Leonard,4404,20200209,,0,"9,500",PF,lac,A,cle,133,92,NA,
Labissiere Skal,Labissiere,Skal,Skal Labissiere,4979,20200209,,0,"3,500",PF,atl,H,nyk,140,135,NA,
Brazdeikis Ignas,Brazdeikis,Ignas,Ignas Brazdeikis,5876,20200209,,0,"3,500",SF,nyk,A,atl,135,140,NA,
Hoard Jaylen,Hoard,Jaylen,Jaylen Hoard,5939,20200209,,0,"3,500",SF,por,H,mia,115,109,NA,
Davis Ed,Davis,Ed,Ed Davis,4276,20200209,,0,"3,500",PF,uta,A,hou,114,113,NA,
Brantley Jarrell,Brantley,Jarrell,Jarrell Brantley,5834,20200209,,0,"3,500",SF,uta,A,hou,114,113,NA,
Embiid Joel,Embiid,Joel,Joel Embiid,4762,20200209,1,66.9,"9,300",C,phi,H,chi,118,111,30.82,28pt 12rb 5as 3st 4bl 4to 1trey 8-17fg 11-14ft
Robinson Mitchell,Robinson,Mitchell,Mitchell Robinson,5700,20200209,,46.2,"5,000",C,nyk,A,atl,135,140,35.17,15pt 11rb 3st 3bl 7-8fg 1-3ft
Drummond Andre,Drummond,Andre,Andre Drummond,4489,20200209,1,45.3,"10,300",C,cle,H,lac,92,133,28.98,19pt 14rb 3as 2st 1bl 4to 2trey 7-17fg 3-7ft
Whiteside Hassan,Whiteside,Hassan,Hassan Whiteside,4324,20200209,1,44.4,"8,300",C,por,H,mia,115,109,35.15,11pt 17rb 1st 4bl 2to 3-8fg 5-8ft
Harrell Montrezl,Harrell,Montrezl,Montrezl Harrell,4857,20200209,,36.3,"5,500",C,lac,A,cle,133,92,20.5,19pt 9rb 3as 1bl 1to 8-10fg 3-4ft
Valanciunas Jonas,Valanciunas,Jonas,Jonas Valanciunas,4497,20200209,1,35.6,"7,000",C,mem,A,was,106,99,30,8pt 18rb 2bl 4-8fg 0-2ft
Gobert Rudy,Gobert,Rudy,Rudy Gobert,4620,20200209,1,35,"7,900",C,uta,A,hou,114,113,36.93,12pt 15rb 1st 1bl 1to 3-6fg 6-8ft
Wagner Moritz,Wagner,Moritz,Moritz Wagner,5780,20200209,,31.8,"3,900",C,was,H,mem,99,106,24.08,19pt 9rb 2as 1to 1trey 7-11fg 4-6ft
Dedmon Dewayne,Dedmon,Dewayne,Dewayne Dedmon,4572,20200209,,30.6,"5,500",C,atl,H,nyk,140,135,32.68,10pt 8rb 5bl 4to 1trey 4-12fg 1-1ft
Zubac Ivica,Zubac,Ivica,Ivica Zubac,4924,20200209,1,27.8,"5,200",C,lac,A,cle,133,92,16.83,8pt 4rb 4as 1st 2bl 4-4fg
Portis Bobby,Portis,Bobby,Bobby Portis,4841,20200209,,23.2,"3,600",C,nyk,A,atl,135,140,18.78,14pt 6rb 2as 1to 2trey 5-11fg 2-2ft
Felicio Cristiano,Felicio,Cristiano,Cristiano Felicio,4845,20200209,,22.4,"3,500",C,chi,A,phi,111,118,18.8,13pt 7rb 1st 2to 5-7fg 3-4ft
Adams Steven,Adams,Steven,Steven Adams,4574,20200209,1,21.2,"4,800",C,okc,H,bos,111,112,30.03,4pt 11rb 2as 1bl 2to 2-10fg
Tucker P.J.,Tucker,P.J.,P.J. Tucker,3871,20200209,1,18.6,"4,500",C,hou,H,uta,113,114,35.9,9pt 3rb 4as 3trey 3-5fg
Kanter Enes,Kanter,Enes,Enes Kanter,4442,20200209,,16.6,"5,000",C,bos,A,okc,112,111,17.22,4pt 8rb 1st 1-3fg 2-2ft
Thompson Tristan,Thompson,Tristan,Tristan Thompson,4380,20200209,,16.2,"4,900",C,cle,H,lac,92,133,19.02,7pt 6rb 2as 1to 1trey 2-6fg 2-2ft
Mahinmi Ian,Mahinmi,Ian,Ian Mahinmi,3777,20200209,1,15.5,"4,600",C,was,H,mem,99,106,18.47,2pt 5rb 1as 2bl 0-5fg 2-4ft
Olynyk Kelly,Olynyk,Kelly,Kelly Olynyk,4583,20200209,1,13.6,"3,900",C,mia,A,por,109,115,13.12,6pt 3rb 2as 1st 2to 1trey 2-4fg 1-1ft
Jones Damian,Jones,Damian,Damian Jones,4933,20200209,1,7.8,"4,300",C,atl,H,nyk,140,135,14.62,0pt 4rb 1bl
Bradley Tony,Bradley,Tony,Tony Bradley,5166,20200209,,5.6,"3,500",C,uta,A,hou,114,113,3.88,2pt 3rb 1-1fg
Chandler Tyson,Chandler,Tyson,Tyson Chandler,3307,20200209,,0,"3,500",C,hou,H,uta,113,114,0.02,0pt
Pasecniks Anzejs,Pasecniks,Anzejs,Anzejs Pasecniks,5957,20200209,,0,"3,700",C,was,H,mem,99,106,DNP,
Dieng Gorgui,Dieng,Gorgui,Gorgui Dieng,4632,20200209,,0,"4,400",C,mem,A,was,106,99,DNP,
Poirier Vincent,Poirier,Vincent,Vincent Poirier,5843,20200209,,0,"3,500",C,bos,A,okc,112,111,DNP,
Brown Moses,Brown,Moses,Moses Brown,5936,20200209,,0,"3,500",C,por,H,mia,115,109,NA,
Alexander Kyle,Alexander,Kyle,Kyle Alexander,5909,20200209,,0,"3,500",C,mia,A,por,109,115,NA,
Bryant Thomas,Bryant,Thomas,Thomas Bryant,5217,20200209,,0,"5,100",C,was,H,mem,99,106,NA,
Zizic Ante,Zizic,Ante,Ante Zizic,5119,20200209,,0,"3,600",C,cle,H,lac,92,133,NA,
Capela Clint,Capela,Clint,Clint Capela,4766,20200209,,0,"7,400",C,atl,H,nyk,140,135,NA,
Carter Jr. Wendell,Carter,Jr. Wendell,Jr. Wendell Carter,5685,20200209,,0,"3,500",C,chi,A,phi,111,118,NA,
Fall Tacko,Fall,Tacko,Tacko Fall,5845,20200209,,0,"3,500",C,bos,A,okc,112,111,NA,
Leonard Meyers,Leonard,Meyers,Meyers Leonard,4521,20200209,,0,"3,800",C,mia,A,por,109,115,NA,
O'Quinn Kyle,O'Quinn,Kyle,Kyle O'Quinn,4529,20200209,,0,"3,700",C,phi,H,chi,118,111,NA,
Williams Robert,Williams,Robert,Robert Williams,5660,20200209,,0,"3,500",C,bos,A,okc,112,111,NA,
Newman Malik,Newman,Malik,Malik Newman,5718,20200209,,1, N/A ,NA,cle,H,lac,92,133,3.68,2pt 1to 0-2fg 2-2ft
